"OECD (2015), Population (indicator). doi: 10.1787/d434f82b-en (Accessed on 03 July 2015)"
https://data.oecd.org/pop/population.htm
"Flags: .. Not available; | Break in series; e Estimated value; f Forecast value; x Not applicable; p Provisional data; s Strike; - Nil"
"Information on data for Israel: http://oe.cd/israel-disclaimer"
"Disclaimer and Terms and Conditions: http://www.oecd.org/termsandconditions/"

"Population, Total, Million persons"

Location,1960,1961,1962,1963,1964,1965,1966,1967,1968,1969,1970,1971,1972,1973,1974,1975,1976,1977,1978,1979,1980,1981,1982,1983,1984,1985,1986,1987,1988,1989,1990,1991,1992,1993,1994,1995,1996,1997,1998,1999,2000,2001,2002,2003,2004,2005,2006,2007,2008,2009,2010,2011,2012,2013,2014,"1960 Flags","1961 Flags","1962 Flags","1963 Flags","1964 Flags","1965 Flags","1966 Flags","1967 Flags","1968 Flags","1969 Flags","1970 Flags","1971 Flags","1972 Flags","1973 Flags","1974 Flags","1975 Flags","1976 Flags","1977 Flags","1978 Flags","1979 Flags","1980 Flags","1981 Flags","1982 Flags","1983 Flags","1984 Flags","1985 Flags","1986 Flags","1987 Flags","1988 Flags","1989 Flags","1990 Flags","1991 Flags","1992 Flags","1993 Flags","1994 Flags","1995 Flags","1996 Flags","1997 Flags","1998 Flags","1999 Flags","2000 Flags","2001 Flags","2002 Flags","2003 Flags","2004 Flags","2005 Flags","2006 Flags","2007 Flags","2008 Flags","2009 Flags","2010 Flags","2011 Flags","2012 Flags","2013 Flags","2014 Flags"
Australia,10.2750,10.5082,10.7005,10.9069,11.1216,11.3409,11.5995,11.7991,12.0086,12.2630,12.5074,13.0673,13.3037,13.5045,13.7226,13.8930,14.0331,14.1922,14.3592,14.5157,14.6954,14.9233,15.1843,15.3935,15.5794,15.7883,16.0184,16.2639,16.5322,16.8144,17.0651,17.2840,17.4790,17.6350,17.8050,18.0050,18.2250,18.4230,18.6080,18.8120,19.0290,19.2750,19.4950,19.7210,19.9330,20.1770,20.4510,20.8280,21.2490,21.6920,22.0320,22.3400,22.7240,23.1310,,,,,,,,,,,,|,,,,,,,,,,,,,,,,,,,,,,,,,,,,,,,,,,,,,,,,,,,,..
Austria,7.0475,7.0863,7.1299,7.1758,7.2238,7.2709,7.3221,7.3770,7.4154,7.4411,7.4671,7.5005,7.5442,7.5861,7.5990,7.5789,7.5655,7.5684,7.5623,7.5494,7.5494,7.5687,7.5741,7.5619,7.5614,7.5650,7.5698,7.5746,7.5853,7.6196,7.6779,7.7549,7.8407,7.9056,7.9361,7.9483,7.9590,7.9680,7.9768,7.9923,8.0116,8.0423,8.0821,8.1182,8.1694,8.2253,8.2679,8.2952,8.3215,8.3415,8.3611,8.3885,8.4263,8.4686,,,,,,,,,,,,,,,,,,,,,,,,,,,,,,,,,,,,,,,,,,,,,,,,,,,,,,,|,..
Belgium,9.1535,9.1839,9.2206,9.2898,9.3781,9.4637,9.5278,9.5810,9.6188,9.6460,9.6555,9.6732,9.7111,9.7417,9.7724,9.8007,9.8182,9.8304,9.8395,9.8484,9.8592,9.8590,9.8563,9.8555,9.8554,9.8583,9.8618,9.8702,9.9017,9.9377,9.9674,10.0045,10.0452,10.0845,10.1156,10.1368,10.1566,10.1813,10.2030,10.2264,10.2513,10.2866,10.3328,10.3761,10.4211,10.4786,10.5480,10.6257,10.7100,10.7965,10.9203,11.0477,11.1282,11.1784,,,,,,,,,,,,,,,,,,,,,,,,,,,,,,,,,,,,,,,,,,,,,,,,,,,,,,|,,..
Brazil,69.7170,71.8180,73.9690,76.1690,78.4140,80.7030,83.0330,85.4020,87.8070,90.2460,92.7160,95.2150,97.7410,100.2910,102.8610,105.4500,108.0540,110.6710,113.2970,115.9290,118.5625,121.3813,124.2508,127.1404,130.0825,132.9993,135.8143,138.5859,141.3130,143.9973,146.5926,149.0943,151.5468,153.9856,156.4310,158.8750,161.3232,163.7798,166.2521,168.7535,171.2799,172.7424,175.0766,177.3603,183.4393,185.6514,187.8518,189.9539,191.9998,193.9951,193.2526,197.8253,199.6889,201.4671,,,,,,,,,,,,,,,,,,,,,,,,,,,,,,,,,,,,,,,,,,,,,|,,,,,,,,,,,..
Canada,18.2560,18.6350,18.9890,19.3470,19.7200,20.0840,20.4210,20.7950,21.1290,21.4400,21.7460,21.9620,22.2180,22.4920,22.8080,23.1430,23.4500,23.7260,23.9630,24.2020,24.5160,24.8200,25.1170,25.3660,25.6070,25.8420,26.1000,26.4470,26.7920,27.2770,27.6911,28.0374,28.3713,28.6848,29.0007,29.3023,29.6102,29.9060,30.1552,30.4013,30.6857,31.0190,31.3537,31.6397,31.9407,32.2452,32.5761,32.9275,33.3177,33.7269,34.1266,34.4840,34.8805,35.1580,,,,,,,,,,,,,,,,,,,,,,,,,,,,,,,,,,,,,,,,,,,,,,,,,,,,,,|,,..
Chile,7.6433,7.8439,8.0446,8.2453,8.4460,8.6466,8.8312,9.0158,9.2004,9.3850,9.5696,9.7383,9.9071,10.0758,10.2445,10.4132,10.5654,10.7176,10.8698,11.0220,11.1742,11.3598,11.5454,11.7310,11.9166,12.1022,12.3175,12.5328,12.7481,12.9635,13.1788,13.4220,13.6652,13.9085,14.1517,14.3949,14.5955,14.7961,14.9967,15.1972,15.3978,15.5717,15.7456,15.9195,16.0934,16.2673,16.4327,16.5981,16.7635,16.9289,17.0943,17.2480,17.4029,17.5570,,,,,,,,,,,,,,,,,,,,,,,,,,,,,,,,,,,,,,,,,,,,,,,,,,,,,,,,..
"China (People's Republic of)",650.7126,660.7350,671.1549,682.6161,695.9187,711.5829,729.2626,749.1154,770.5073,792.5192,814.4229,835.6502,856.5981,876.8586,895.9727,913.6462,929.4601,943.7886,957.1787,970.4154,984.1217,998.0024,1012.3730,1027.6410,1044.2530,1062.4460,1082.0050,1103.0760,1124.7930,1145.9420,1165.4290,1183.0080,1198.8750,1213.1040,1225.9220,1237.5310,1247.8970,1257.0220,1265.2230,1272.9150,1280.4290,1287.8910,1295.3220,1302.8100,1310.4140,1318.1770,1326.1460,1334.3440,1342.7330,1351.2480,1359.8220,1368.4400,1377.0650,1385.5670,,,,,,,,,,,,,,,,,,,,,,,,,,,,,,,,,,,,,,,,,,,,,,,,,,,,,,,,..
Colombia,,,,,,,,,,,,,,,,,,,,,,,,,,30.8022,31.4400,32.0970,32.7671,33.4469,34.1300,34.8306,35.5209,36.2071,36.8539,37.4722,38.0680,38.6357,39.1845,39.7308,40.2956,40.8135,41.3288,41.8490,42.3685,42.8886,43.4060,43.9269,44.4511,44.9788,45.5096,46.0446,46.5818,47.1211,,..,..,..,..,..,..,..,..,..,..,..,..,..,..,..,..,..,..,..,..,..,..,..,..,..,,,,,,,,,,,,,,,,,,,,,,,,,,,,,,..
"Czech Republic",9.6598,9.5880,9.6218,9.6687,9.7300,9.7851,9.8262,9.8542,9.8776,9.8967,9.8052,9.8306,9.8684,9.9195,9.9948,10.0624,10.1282,10.1893,10.2457,10.2965,10.3268,10.3032,10.3143,10.3228,10.3305,10.3367,10.3407,10.3488,10.3564,10.3623,10.3627,10.3087,10.3178,10.3306,10.3362,10.3308,10.3154,10.3036,10.2949,10.2828,10.2725,10.2242,10.2008,10.2017,10.2069,10.2341,10.2667,10.3227,10.4297,10.4915,10.5173,10.4967,10.5093,10.5107,,,,,,,,,,,,,,,,,,,,,,,,,,,,,,,,,,,,,,,,,,,,,,,,,,,,,,|,,..
Denmark,4.5796,4.6117,4.6477,4.6845,4.7221,4.7590,4.7974,4.8354,4.8649,4.8919,4.9288,4.9631,4.9916,5.0219,5.0453,5.0599,5.0726,5.0884,5.1042,5.1168,5.1230,5.1216,5.1178,5.1143,5.1116,5.1137,5.1205,5.1270,5.1295,5.1326,5.1409,5.1543,5.1714,5.1886,5.2062,5.2334,5.2631,5.2850,5.3042,5.3218,5.3396,5.3588,5.3759,5.3906,5.4045,5.4194,5.4373,5.4614,5.4936,5.5231,5.5477,5.5706,5.5916,,,,,,,,,,,,,,,,,,,,,,,,,,,,,,,,,,,,,,,,,,,,,,,,,,,,,,,|,..,..
Estonia,1.2115,1.2251,1.2416,1.2589,1.2771,1.2946,1.3086,1.3189,1.3312,1.3452,1.3601,1.3770,1.3925,1.4060,1.4182,1.4294,1.4396,1.4502,1.4602,1.4683,1.4772,1.4877,1.4984,1.5087,1.5186,1.5288,1.5402,1.5522,1.5619,1.5681,1.5692,1.5613,1.5331,1.4941,1.4625,1.4366,1.4156,1.3995,1.3862,1.3806,1.4013,1.3927,1.3835,1.3752,1.3662,1.3588,1.3507,1.3429,1.3384,1.3357,1.3333,1.3297,1.3252,1.3202,,,,,,,,,,,,,,,,,,,,,,,,,,,,,,,,,,,,,,,,,,,,,,,,,,,,,,,,..
Finland,4.4300,4.4610,4.4910,4.5230,4.5490,4.5640,4.5810,4.6060,4.6260,4.6240,4.6060,4.6120,4.6400,4.6660,4.6910,4.7120,4.7260,4.7390,4.7530,4.7650,4.7790,4.8000,4.8270,4.8560,4.8820,4.9020,4.9180,4.9320,4.9470,4.9640,4.9860,5.0140,5.0420,5.0660,5.0880,5.1080,5.1250,5.1400,5.1530,5.1650,5.1760,5.1880,5.2010,5.2130,5.2280,5.2460,5.2670,5.2890,5.3130,5.3390,5.3630,5.3880,5.4140,5.4390,,,,,,,,,,,,,,,,,,,,,,,,,,,,,,,,,,,,,,,,,,,,,,,,,,,,,,,,..
France,45.6842,46.1628,46.9977,47.8162,48.3104,48.7578,49.1637,49.5483,49.9154,50.3180,50.7722,51.2511,51.7009,52.1183,52.4604,52.6992,52.9087,53.1453,53.3763,53.6062,53.8800,54.1818,54.4925,54.7724,55.0261,55.2843,55.5465,55.8240,56.1180,56.4234,56.7088,56.9756,57.2398,57.4671,57.6588,57.8443,58.0260,58.2075,58.3978,58.6774,59.0624,59.4762,59.8939,60.3036,60.7343,61.1815,61.5975,61.9650,62.3003,62.6155,62.9178,63.2232,63.5140,63.7861,,,,,,,,,,,,,,,,,,,,,,,,,,,,,,,,,,,,,,,,,,,,,,,,,,,,,,,,..
Germany,55.5850,56.1750,56.8370,57.3890,57.9710,58.6190,59.1480,59.2860,59.5000,60.0670,60.6510,61.3020,61.6720,61.9760,62.0540,61.8290,61.5310,61.4000,61.3270,61.3590,61.5660,61.6820,61.6380,61.4230,61.1750,61.0240,61.0660,61.0770,61.4500,62.0630,63.2540,79.9840,80.5950,81.1790,81.4220,81.6610,81.8950,82.0520,82.0290,82.0240,82.1600,82.2770,82.4560,82.5020,82.4910,82.4650,82.3690,82.2570,82.1350,81.9040,81.7150,81.7550,81.9130,82.1050,,,,,,,,,,,,,,,,,,,,,,,,,|,,,|,,,,|,,,,,,,,|,,,,,,,,,,,,,,,,..
Greece,8.3317,8.3980,8.4482,8.4796,8.5104,8.5503,8.6137,8.6841,8.7408,8.7728,8.7928,8.8310,8.8886,8.9291,8.9620,9.0465,9.1882,9.3085,9.4300,9.5483,9.6425,9.7294,9.7895,9.8466,9.8958,9.9343,9.9672,10.0006,10.0370,10.0895,10.1569,10.2563,10.3699,10.4655,10.5530,10.6344,10.7092,10.7765,10.8349,10.8826,10.9175,10.9500,10.9830,11.0160,11.0570,11.0930,11.1310,11.1630,11.1860,11.1850,11.1530,11.1240,11.0900,,,,,,,,,,,,,,,,,,,,,,,,,,,,,,,,,,,,,,,,,,,,,,,,,,,,,,,|,..,..
Hungary,9.9840,10.0280,10.0610,10.0880,10.1200,10.1480,10.1790,10.2170,10.2560,10.2940,10.3380,10.3680,10.3980,10.4320,10.4790,10.5410,10.5990,10.6480,10.6850,10.7110,10.7110,10.7120,10.7060,10.6890,10.6680,10.6490,10.6310,10.6130,10.5960,10.5780,10.3740,10.3730,10.3690,10.3580,10.3430,10.3290,10.3110,10.2900,10.2670,10.2380,10.2110,10.1880,10.1590,10.1300,10.1070,10.0870,10.0710,10.0560,10.0380,10.0230,10.0000,9.9720,9.9200,9.8940,,,,,,,,,,,,,,,,,,,,,,,,,,,,,,,,,,,,,,,,,,,,,,,,,,,,,|,,,..
Iceland,0.1759,0.1789,0.1821,0.1855,0.1888,0.1923,0.1956,0.1988,0.2015,0.2034,0.2045,0.2062,0.2092,0.2123,0.2152,0.2180,0.2202,0.2218,0.2235,0.2257,0.2281,0.2308,0.2340,0.2370,0.2395,0.2414,0.2432,0.2460,0.2499,0.2527,0.2548,0.2580,0.2611,0.2638,0.2660,0.2674,0.2689,0.2709,0.2738,0.2772,0.2812,0.2851,0.2876,0.2893,0.2926,0.2959,0.3043,0.3114,0.3194,0.3192,0.3180,0.3190,0.3207,0.3238,,,,,,,,,,,,,,,,,,,,,,,,,,,,,,,,,,,,,,,,,,,,,,,,,,,,,,,,..
India,449.5214,458.4960,467.8056,477.4570,487.4641,497.8542,508.4673,519.4700,530.8898,542.7511,555.0637,567.6116,580.5688,593.9493,607.7719,622.0544,636.6017,651.5868,666.9718,682.6990,698.7208,714.7706,731.0479,747.5671,764.3536,781.4219,798.4903,815.7924,833.2754,850.8645,868.8907,886.3487,903.7496,921.1076,938.4526,955.8044,973.1476,990.4601,1007.7470,1025.0150,1042.2620,1059.5010,1076.7060,1093.7870,1110.6260,1127.1440,1143.2890,1159.0950,1174.6620,1190.1380,1205.6250,1221.1560,1236.6870,1252.1400,,,,,,,,,,,,,,,,,,,,,,,,,,,,,,,,,,,,,,,,,,,,,,,,,,,,,,,,..
Indonesia,88.7076,90.8567,93.0865,95.4045,97.8211,100.3432,102.9184,105.5884,108.3459,111.1794,114.0802,116.9891,119.9551,122.9808,126.0701,129.2241,132.3799,135.5849,138.8407,142.1493,145.5103,148.8656,152.2624,155.6807,159.0928,162.4787,165.7661,169.0188,172.2445,175.4543,178.6332,181.7863,184.9168,188.0193,191.0857,194.1126,197.0979,200.0504,202.9909,205.9468,208.9387,211.9704,215.0383,218.1456,221.2938,224.4809,227.7098,230.9728,234.2435,237.4869,240.6765,243.8016,246.8642,249.8656,,,,,,,,,,,,,,,,,,,,,,,,,,,,,,,,,,,,,,,,,,,,,,,,,,,,,,,,..
Ireland,2.8321,2.8183,2.8301,2.8500,2.8638,2.8758,2.8840,2.8997,2.9122,2.9252,2.9499,2.9782,3.0244,3.0730,3.1239,3.1772,3.2278,3.2719,3.3140,3.3682,3.4010,3.4434,3.4800,3.5040,3.5290,3.5400,3.5406,3.5465,3.5307,3.5095,3.5058,3.5257,3.5545,3.5741,3.5859,3.6013,3.6261,3.6643,3.7031,3.7416,3.7895,3.8472,3.9172,3.9799,4.0452,4.1338,4.2329,4.3758,4.4851,4.5334,4.5548,4.5749,4.5854,4.5931,4.6099,,,,,,,,,,,,,,,,,,,,,,,,,,,,,,,,,,,,,,,,,,,,,,,,,,,,,,,
Israel,2.1504,2.1795,2.3318,2.4301,2.5256,2.5984,2.6574,2.7080,2.8411,2.9192,3.0014,3.0951,3.2250,3.3382,3.4216,3.4932,3.5754,3.6532,3.7376,3.8363,3.9217,3.9498,4.0207,4.1061,4.1591,4.2330,4.2988,4.3689,4.4417,4.5182,4.6602,4.9491,5.1235,5.2614,5.3993,5.5449,5.6851,5.8289,5.9707,6.1253,6.2892,6.4390,6.5700,6.6897,6.8090,6.9301,7.0537,7.1801,7.3088,7.4856,7.6236,7.7658,7.9105,8.0567,,,,,,,,,,,,,,,,,,,,,,,,,,,,,,,,,,,,,,,,,,,,,,,,,,,,,,,e,..
Italy,48.9670,49.1560,49.5630,49.9360,50.4390,50.8400,51.2270,51.6640,52.0420,52.3760,52.7710,53.1240,53.4990,53.8820,54.3900,54.7640,55.0700,55.2660,55.4460,55.6020,55.6570,55.7740,55.9950,56.2280,56.3440,56.4980,56.5760,56.6640,56.7630,56.8370,56.7370,56.7600,56.8590,56.4419,56.6234,56.7446,56.8265,56.9410,57.0404,57.0780,57.1890,57.3480,57.4740,57.4780,57.5530,58.1347,58.4350,58.8800,59.3360,59.7523,60.0514,60.3282,60.5149,60.6679,,,,,,,,,,,,,,,,,,,,,,,,,,,,,,,,,,|,,,,,,,,,,,,,,,,,,,,,,..
Japan,93.4190,94.2850,95.1780,96.1560,97.1860,98.2750,99.0540,100.2430,101.4080,102.6480,103.7200,105.0140,107.3320,108.7100,110.0490,111.9400,113.0890,114.1540,115.1740,116.1330,117.0600,117.8840,118.6930,119.4830,120.2350,121.0490,121.6720,122.2640,122.7830,123.2550,123.6110,124.0430,124.4520,124.7640,125.0340,125.5700,125.8640,126.1660,126.4864,126.6860,126.9260,127.2910,127.4350,127.6190,127.6870,127.7680,127.7700,127.7710,127.6920,127.5100,128.0570,127.7990,127.5150,127.2980,,,,,,,,,,,,,,,,,,,,,,,,,,,,,,,,,,,,,,,,,,,,,,,,,,,,,,,,..
Korea,25.0124,25.7657,26.5130,27.2617,27.9841,28.7047,29.4356,30.1310,30.8383,31.5443,32.2408,32.8827,33.5054,34.1031,34.6923,35.2807,35.8485,36.4118,36.9692,37.5342,38.1238,38.7233,39.3263,39.9104,40.4060,40.8057,41.2137,41.6217,42.0313,42.4490,42.8693,43.2957,43.7480,44.1946,44.6415,45.0930,45.5247,45.9536,46.2865,46.6167,47.0081,47.3574,47.6222,47.8593,48.0394,48.1381,48.3719,48.5977,48.9487,49.1820,49.4104,49.7794,50.0044,50.2200,,,,,,,,,,,,,,,,,,,,,,,,,,,,,,,,,,,,,,,,,,,,,,,,,,,,|,,,,..
Luxembourg,0.3140,0.3168,0.3207,0.3241,0.3277,0.3315,0.3339,0.3350,0.3358,0.3375,0.3392,0.3424,0.3466,0.3504,0.3550,0.3589,0.3607,0.3614,0.3620,0.3629,0.3641,0.3652,0.3655,0.3656,0.3660,0.3667,0.3684,0.3708,0.3735,0.3771,0.3819,0.3870,0.3922,0.3975,0.4029,0.4086,0.4142,0.4194,0.4247,0.4305,0.4363,0.4415,0.4462,0.4500,0.4550,0.4612,0.4691,0.4762,0.4838,0.4935,0.5021,0.5118,0.5249,0.5370,,,,,,,,,,,,,,,,,,,,,,,,,,,,,,,,,,,,,,,,,,,,,,,,,,,,,,,,..
Mexico,,,,,,,,,,,50.7852,52.3455,53.9450,55.5747,57.2322,58.9102,60.6008,62.2975,63.9946,65.6893,67.3842,69.0820,70.7828,72.4775,74.1573,75.8201,77.4685,79.1047,80.7330,82.3551,83.9710,85.5833,87.1848,88.7520,90.2658,91.7245,93.1301,94.4780,95.7901,97.1148,98.4386,99.7155,100.9094,101.9996,103.0019,107.1510,108.4088,109.7874,111.2990,112.8526,114.2556,115.6829,117.0538,118.3951,119.7130,..,..,..,..,..,..,..,..,..,..,,,,,,,,,,,,,,,,,,,,,,,,,,,,,,,,,,,,,,,,,,,,,
Netherlands,11.4866,11.6387,11.8057,11.9660,12.1271,12.2947,12.4563,12.5982,12.7297,12.8780,13.0385,13.1945,13.3286,13.4393,13.5451,13.6663,13.7740,13.8562,13.9417,14.0383,14.1498,14.2472,14.3127,14.3671,14.4242,14.4916,14.5723,14.6650,14.7601,14.8489,14.9515,15.0698,15.1842,15.2904,15.3828,15.4590,15.5305,15.6106,15.7072,15.8121,15.9255,16.0462,16.1489,16.2253,16.2818,16.3199,16.3461,16.3817,16.4456,16.5304,16.6154,16.6931,16.7550,,,,,,,,,,,,,,,,,,,,,,,,,,,,,,,,,,,,,,,,,,,,,,,,,,,,,,|,,..,..
"New Zealand",2.3770,2.4270,2.4850,2.5370,2.5890,2.6350,2.6830,2.7280,2.7540,2.7800,2.8200,2.8640,2.9130,2.9710,3.0320,3.0870,3.1160,3.1280,3.1290,3.1240,3.1440,3.1570,3.1830,3.2260,3.2580,3.2720,3.2770,3.3040,3.3170,3.3300,3.3630,3.4951,3.5317,3.5722,3.6201,3.6734,3.7320,3.7814,3.8150,3.8351,3.8578,3.8800,3.9480,4.0270,4.0880,4.1340,4.1850,4.2280,4.2690,4.3160,4.3680,4.4050,4.4330,4.4710,,,,,,,,,,,,,,,,,,,,,,,,,,,,,,,,|,,,,,,,,,,,,,,,,,,,,,,,,..
Norway,3.5850,3.6150,3.6390,3.6670,3.6940,3.7230,3.7530,3.7850,3.8190,3.8510,3.8790,3.9030,3.9330,3.9610,3.9850,4.0070,4.0260,4.0430,4.0590,4.0730,4.0860,4.1000,4.1150,4.1280,4.1400,4.1530,4.1690,4.1870,4.2090,4.2270,4.2410,4.2620,4.2870,4.3120,4.3370,4.3590,4.3813,4.4052,4.4315,4.4620,4.4910,4.5140,4.5380,4.5640,4.5919,4.6233,4.6610,4.7090,4.7680,4.8287,4.8890,4.9530,5.0190,5.0800,,,,,,,,,,,,,,,,,,,,,,,,,,,,,,,,,,,,,,,,,,,,,,,,,,,,,,,,..
Poland,29.5610,29.9650,30.3240,30.6910,31.1610,31.4960,31.6980,31.9440,32.3050,32.5550,32.5260,32.8050,33.0680,33.3630,33.6910,34.0220,34.3620,34.6980,35.0100,35.2570,35.5780,35.9020,36.2270,36.5710,36.9140,37.2030,37.4560,37.6640,37.8620,37.9370,38.0310,38.1090,38.1730,38.2210,38.2520,38.2750,38.2890,38.2920,38.2830,38.2700,38.2560,38.2510,38.2320,38.1950,38.1800,38.1610,38.1320,38.1160,38.1160,38.1530,38.5170,38.5260,38.5340,38.5020,,,,,,,,,,,,,,,,,,,,,,,,,,,,,,,,,,,,,,,,,|,,,,,,,,,,,,,,,..
Portugal,8.8577,8.9293,8.9940,9.0304,9.0354,8.9986,8.9310,8.8745,8.8367,8.7577,8.6804,8.6438,8.6304,8.6331,8.7544,9.0935,9.3558,9.4557,9.5582,9.6613,9.7663,9.8514,9.9118,9.9579,9.9962,10.0236,10.0327,10.0300,10.0196,10.0050,9.9832,9.9602,9.9525,9.9647,9.9915,10.0262,10.0639,10.1090,10.1602,10.2178,10.2899,10.3627,10.4196,10.4588,10.4839,10.5033,10.5223,10.5430,10.5582,10.5683,10.5731,10.5576,10.5148,10.7229,,,,,,,,,,,,,,,,,,,,,,,,,,,,,,,,,,,,,,,,,,,,,,,,,,,,,,|,,..
Russia,119.9057,121.4690,122.9705,124.3766,125.6448,126.7491,127.6746,128.4414,129.1030,129.7342,130.3918,131.0955,131.8380,132.6161,133.4172,134.2325,135.0639,135.9192,136.8013,137.7131,138.6554,139.6195,140.5983,141.5939,142.6098,143.0330,144.2300,145.4610,146.4940,147.3320,147.9690,148.3940,148.5380,148.4590,148.4080,148.3760,148.1600,147.9150,147.6710,147.2150,146.5970,145.9760,145.3060,144.6490,144.0670,143.5190,143.0500,142.8050,142.7420,142.7850,142.8490,142.9610,143.2070,143.5070,,,,,,,,,,,,,,,,,,,,,,,,,,|,,,,,,,,,,,,,,,,,,,,,,,,,,,,,,..
"Slovak Republic",4.0681,4.1917,4.2382,4.2820,4.3273,4.3710,4.4117,4.4494,4.4839,4.5186,4.5382,4.5574,4.5966,4.6414,4.6896,4.7391,4.7895,4.8405,4.8901,4.9390,4.9798,5.0161,5.0551,5.0920,5.1271,5.1618,5.1938,5.2228,5.2506,5.2759,5.2992,5.3033,5.3050,5.3253,5.3463,5.3620,5.3734,5.3833,5.3905,5.3960,5.3887,5.3789,5.3769,5.3734,5.3723,5.3728,5.3731,5.3746,5.3792,5.3864,5.3914,5.3984,5.4076,5.4159,,,,,,,,,,,,,,,,,,,,,,,,,,,,,,,,,,,,,,,,,,,,,,,,,,,,,,|,|,..
Slovenia,,,,,,,,,,,,1.7299,1.7413,1.7533,1.7660,1.7785,1.7870,1.7994,1.8110,1.8240,1.8845,1.8961,1.9103,1.9223,1.9322,1.9416,1.9807,1.9895,2.0000,1.9994,1.9981,2.0018,1.9958,1.9906,1.9889,1.9875,1.9912,1.9868,1.9826,1.9856,1.9903,1.9920,1.9957,1.9968,1.9970,2.0011,2.0085,2.0194,2.0226,2.0423,2.0493,2.0525,2.0563,,,..,..,..,..,..,..,..,..,..,..,..,,,,,,,,,,,,,,,,,,,,,,,,,,,,,,,,,,,,,,|,,,,,..,..
"South Africa",,,,,,,,,,,,,,,,,,,,,,,,,,,,,,,,36.1990,36.9920,37.8020,38.6310,39.4770,40.3420,41.2270,42.1310,43.0540,43.6900,44.5600,,,,,,,,,,,,,,..,..,..,..,..,..,..,..,..,..,..,..,..,..,..,..,..,..,..,..,..,..,..,..,..,..,..,..,..,..,..,,,,,,,,,,,,..,..,..,..,..,..,..,..,..,..,..,..,..
Spain,30.2560,30.7674,31.0234,31.2966,31.6092,31.9543,32.3230,32.7223,33.1131,33.4410,33.7528,34.2163,34.5717,34.9215,35.2876,35.6877,36.1180,36.5638,36.9715,37.2890,37.5269,37.7415,37.9437,38.1233,38.2795,38.4197,38.5365,38.6317,38.7168,38.7924,38.8513,38.9400,39.0687,39.1904,39.2959,39.3880,39.4792,39.5834,39.7221,39.9272,40.2642,40.7214,41.4235,42.1962,42.8592,43.6626,44.3605,45.2360,45.9832,46.3676,46.5625,46.7363,46.7664,46.6097,,,,,,,,,,,,|,,,,,,,,,,,,,,,,,,,,,,,,,,,,,,,,,,,,,,,,,,,,..
Sweden,7.4847,7.5200,7.5616,7.6043,7.6614,7.7339,7.8078,7.8679,7.9123,7.9681,8.0428,8.0983,8.1223,8.1363,8.1600,8.1924,8.2223,8.2515,8.2756,8.2937,8.3105,8.3205,8.3253,8.3290,8.3366,8.3504,8.3698,8.3978,8.4365,8.4930,8.5588,8.6174,8.6681,8.7186,8.7807,8.8269,8.8410,8.8461,8.8510,8.8579,8.8721,8.8960,8.9250,8.9582,8.9935,9.0296,9.0805,9.1481,9.2196,9.2985,9.3781,9.4492,9.5194,,,,,,,,,,,,,,,,,,,,,,,,,,,,,,,,,,,,,,,,,,,,,,,,,,,,,,,|,..,..
Switzerland,5.3278,5.4343,5.5738,5.6942,5.7892,5.8565,5.9180,5.9918,6.0677,6.1364,6.1809,6.2134,6.2610,6.3073,6.3414,6.3386,6.3025,6.2812,6.2817,6.2944,6.3194,6.3541,6.3913,6.4188,6.4419,6.4704,6.5041,6.5451,6.5934,6.6469,6.7123,6.8000,6.8754,6.9383,6.9938,7.0407,7.0719,7.0889,7.1100,7.1440,7.1842,7.2266,7.2848,7.3390,7.3896,7.4371,7.4839,7.5511,7.6477,7.7438,7.8280,7.9124,7.9969,,,,,,,,,,,,,,,,,,,,,,,,,,,,,,,,,,,,,,,,,,,,,,,,,,,,,,,,..,..
Turkey,27.5060,28.2270,28.9310,29.6520,30.3910,31.1490,31.9360,32.7500,33.5860,34.4430,35.3210,36.2150,37.1330,38.0730,39.0370,40.0260,40.9160,41.7690,42.6410,43.5310,44.4390,45.5400,46.6880,47.8640,49.0700,50.3070,51.4800,52.3700,53.2680,54.1920,55.1200,56.0550,56.9860,57.9130,58.8370,59.7560,60.6710,61.5820,62.4640,63.3640,64.2687,65.1663,66.0025,66.7946,67.5987,68.4354,69.2952,70.1581,71.0520,72.0390,73.1420,74.2240,75.1760,76.0550,,,,,,,,,,,,,,,,,,,,,,,,,,,,,,,,,,,,,,,,,,,,,,,,,,,,,,,,..
"United Kingdom",52.3730,52.8070,53.2920,53.6250,53.9910,54.3500,54.6430,54.9590,55.2140,55.4610,55.6320,55.9280,56.0970,56.2230,56.2360,56.2260,56.2160,56.1900,56.1780,56.2400,56.3300,56.3570,56.2910,56.3160,56.4090,56.5540,56.6840,56.8040,56.9160,57.0760,57.2370,57.4390,57.5850,57.7140,57.8620,58.0250,58.1640,58.3140,58.4750,58.6840,58.8860,59.1130,59.3230,59.5570,59.0310,59.4080,59.7510,60.1370,60.5400,60.9270,61.3440,63.2851,63.7050,62.5714,,,,,,,,,,,,,,,,,,,,,,,,,,,,,,,,,,,,,,,,,,,,,|,,,,,,,,,|,|,..
"United States",180.6712,183.6915,186.5377,189.2418,191.8888,194.3030,196.5603,198.7121,200.7060,202.6770,205.0522,207.6607,209.8960,211.9088,213.8539,215.9732,218.0352,220.2394,222.5845,225.0555,227.2247,229.4657,231.6645,233.7920,235.8249,237.9238,240.1329,242.2889,244.4990,246.8192,249.6228,252.9809,256.5142,259.9186,263.1258,266.2784,269.3943,272.6469,275.8541,279.0402,282.1624,284.9690,287.6252,290.1079,292.8053,295.5166,298.3799,301.2312,304.0940,306.7715,309.3262,311.5826,313.8737,316.1290,,,,,,,,,,,,,,,,,,,,,,,,,,,,,,,,,,,,,,,,,,,,,,,,,,,,,,,,..